/*
Navicat MySQL Data Transfer

Source Server         : 远程新数据库114.112.34.75
Source Server Version : 50731
Source Host           : 114.112.34.75:3306
Source Database       : online_wechat_voting

Target Server Type    : MYSQL
Target Server Version : 50731
File Encoding         : 65001

Date: 2020-09-24 16:37:42
*/

SET FOREIGN_KEY_CHECKS=0;

-- ----------------------------
-- Table structure for `t_activity`
-- ----------------------------
DROP TABLE IF EXISTS `t_activity`;
CREATE TABLE `t_activity` (
  `id` int(11) NOT NULL AUTO_INCREMENT,
  `name` varchar(255) COLLATE utf8_bin DEFAULT NULL COMMENT '活动标题',
  `content` longtext COLLATE utf8_bin COMMENT '内容介绍',
  `image` varchar(255) COLLATE utf8_bin DEFAULT NULL,
  `type` int(11) DEFAULT NULL COMMENT '0是主题活动1是本馆活动',
  `entry_method` varchar(255) COLLATE utf8_bin DEFAULT NULL COMMENT '参赛方式',
  `participants` varchar(255) COLLATE utf8_bin DEFAULT NULL COMMENT '参赛对象',
  `activity_time` datetime DEFAULT NULL COMMENT '活动时间',
  `create_time` datetime DEFAULT NULL COMMENT '创建时间',
  `is_delete` int(11) DEFAULT NULL COMMENT '0是未删除1是已删除',
  `status` int(2) DEFAULT NULL COMMENT '0是上架1是下架',
  PRIMARY KEY (`id`)
) ENGINE=InnoDB AUTO_INCREMENT=23 DEFAULT CHARSET=utf8 COLLATE=utf8_bin;

-- ----------------------------
-- Records of t_activity
-- ----------------------------
INSERT INTO `t_activity` VALUES ('1', '“瓷花绽放”快乐童年，追求美好生活', 0xE4B8BAE5BBBAE8AEBEE7BE8EE4B8BDE793B7E983BDEFBC8CE5889BE980A0E7BE8EE5A5BDE7949FE6B4BBEFBC8CE8AEB4E6AD8CE2809CE69C80E7BE8EE98086E8A18CE88085E2809DEFBC8CE8B083E58AA8E59084E7958CE7BEA4E4BC97E58F82E4B88EE69687E58C96E6B4BBE58AA8E79A84E7A7AFE69E81E680A7EFBC8CE4B8BAE699AFE5BEB7E99587E59BBDE5AEB6E999B6E793B7E69687E58C96E5889BE696B0E5AE9EE9AA8CE58CBAE79A84E5889BE5BBBAE58A9BE9878FEFBC8CE68EA8E8BF9BE68891E5B882E7BEA4E4BC97E69687E58C96E4BA8BE4B89AE79A84E7B981E88DA3E58F91E5B195E38082E789B9E4B8BEE58A9EE6ADA4E9A1B9E6B4BBE58AA8, '/static/uploadFile/image/banner2202009161545057.jpg', '1', '通过搜索微信公众号“景德镇市文化馆”并关注、进入公众号，点击下方“少儿才艺大赛”报名填写资料。报名截止日期2020年10月10日', '各群众性文艺活动团体、艺术培训机构和广大文艺爱好者', null, '2020-09-16 15:56:04', '1', '0');
INSERT INTO `t_activity` VALUES ('2', '的是根深蒂固山豆根山豆根盛顿国', '', '/static/uploadFile/image/购票202009171046018.png', '1', '山豆根第', '山豆根山豆根', null, '2020-09-17 10:46:36', '1', '0');
INSERT INTO `t_activity` VALUES ('3', 'sdgsdgsdg', 0x3C703E7364677364677364677364673C2F703E, '/static/uploadFile/image/loading202009171051038.png', '1', 'dssdg', 'sdgsdg', null, '2020-09-17 10:51:46', '1', '0');
INSERT INTO `t_activity` VALUES ('4', 'sdgsdgdg', '', '', '1', '', '', null, '2020-09-17 10:52:33', '1', '0');
INSERT INTO `t_activity` VALUES ('5', 'sdgsdg', '', '', '1', '', '', null, '2020-09-17 10:53:39', '1', '0');
INSERT INTO `t_activity` VALUES ('6', 'sdgdg', '', '/static/uploadFile/image/loading202009171053046.png', '1', '', '', null, '2020-09-17 10:53:50', '1', '0');
INSERT INTO `t_activity` VALUES ('7', 'sdgsdg', '', '', '1', '', '', null, '2020-09-17 10:54:30', '1', null);
INSERT INTO `t_activity` VALUES ('8', 'sdgsdg', 0x3C703E736467736467736467646767736467677364676764673C2F703E, '/static/uploadFile/image/loading202009171057007.png', '0', 'sdgsdgsdg', 'sdsdgsdg', null, '2020-09-17 10:57:26', '1', '1');
INSERT INTO `t_activity` VALUES ('9', 'sdg', '', '', '1', '', '', null, '2020-09-17 10:58:15', '1', '1');
INSERT INTO `t_activity` VALUES ('10', 'sdgsdgsd', 0x3C703E7364677364677364677364677364677364677364677364673C2F703E, '/static/uploadFile/image/loading202009171103047.png', '0', 'sdgsdgsdgs', 'sdgsdgsdg', null, '2020-09-17 11:03:55', '1', '1');
INSERT INTO `t_activity` VALUES ('11', '的公开赛夺冠是敢死队敢死队是蒂固收到', 0x3C703EE698AFE79A84E4BE9BE8B4A7E59586E794B5E8AF9DE5A49AE5B091E9809FE5BAA6E8BF98E698AFE983BDE4BC9AE58F97E588B0E8AFB4E5A4A7E8AF9DE8B081E983BDE4BC9AE4B88AE79A84E4B88AE79A84E58D8EE79B9BE9A1BF7364683C2F703E0A3C703EE8AFB4E5BE97E5A5BDE8AFB4E5BE97E5A5BDE8AFB4E5BE97E5A5BDE8AFB4E5A4A7E8AF9DE8AFB4E5A4A7E8AF9DE4B88AE79A84E8AFB4E5A4A7E8AF9DE4B88AE79A84E9A696E983BDE58D8EE79B9BE9A1BFE8AFB4E5A4A7E8AF9D3C2F703E0A3C703EE9A696E983BDE58D8EE79B9BE9A1BFE59088E98082E79A84E8AF9DE8AFB4E5A4A7E8AF9DE9A696E983BDE58D8EE79B9BE9A1BFE6B4BBE58AA8E8AFB4E5A4A7E8AF9DE8AFB4E5A4A7E8AF9D736468E9A696E983BDE58D8EE79B9BE9A1BFE8BF98E698AFE8AFB4E5A4A7E8AF9DE8B081E983BDE4BC9AE69D80E69D80E69D80E69D80E69D80E69D80E8AFB4E5A4A7E8AF9DE8AFB4E5A4A7E8AF9DE4B88AE79A84E4B88AE79A84E59088E98082E79A84E8AF9DE4B88AE79A843C2F703E, '/static/uploadFile/image/timg202009220854024.jpg', '1', '的故事大纲扣税的是大概率考试大纲可是到了盛顿国盛顿国盛顿国上的', '山豆根山豆根深蒂固盛顿国盛顿国盛顿国盛顿国盛顿国', '2020-09-30 08:54:49', '2020-09-17 11:04:12', '0', '0');
INSERT INTO `t_activity` VALUES ('12', '山豆根山豆根山豆根山豆根山豆根山豆根的', 0x3C703E73646773646773646764673C2F703E, '/static/uploadFile/image/202001162999614202009220854034.jpg', '1', 'sdgsdg', 'sdgsdg', '2020-09-30 08:55:08', '2020-09-17 11:04:24', '0', '0');
INSERT INTO `t_activity` VALUES ('13', 'sdgsdgsdgsdg', 0x3C703E7364677364673C2F703E, '', '1', 'sdgsdg', 'sdgsdg', null, '2020-09-17 11:04:50', '1', '1');
INSERT INTO `t_activity` VALUES ('14', '山豆根山豆根山豆根山豆根', 0x3C703E736464E6A0B9E5B1B1E8B186E6A0B9E5B1B1E8B186E6A0B9E5B1B1E8B186E6A0B93C2F703E, '/static/uploadFile/image/202001162999614202009220854048.jpg', '1', '十大高手的公司的', '十大高手的公司的', '2020-09-30 08:55:15', '2020-09-17 17:27:39', '0', '0');
INSERT INTO `t_activity` VALUES ('15', '山豆根山豆根山豆根山豆', 0x3C703EE5B1B1E8B186E6A0B9E5B1B1E8B186E6A0B9E694B6E588B0E698AFE5BEB7E59BBDE79A84E69292E7BB993C2F703E, '/static/uploadFile/image/timg202009220854011.jpg', '1', '山豆根山豆根山豆根', '山豆根山豆根山豆根', '2020-09-09 08:55:26', '2020-09-17 17:27:55', '0', '0');
INSERT INTO `t_activity` VALUES ('16', '山豆根山豆根山豆根山豆根', 0x3C703E73E5A4A7E593A5E58F97E588B0E694B6E588B0E585ACE58FB8E79A843C2F703E, '/static/uploadFile/image/timg202009220853059.jpg', '1', '山豆根山豆根的', '山豆根山豆根', '2020-09-29 08:55:40', '2020-09-17 17:28:59', '0', '0');
INSERT INTO `t_activity` VALUES ('17', '测试数据五', 0x3C703EE5B1B1E8B186E6A0B9E5B1B1E8B186E6A0B9E5B1B1E8B186E6A0B9E5B1B1E8B186E6A0B9E694B6E588B0E599B6E595A5E79A84E599B6E595A5E79A843C2F703E, '/static/uploadFile/image/timg202009220846015.jpg', '1', '十大高手的公司的', '山豆根山豆根山豆根山豆', '2020-09-28 08:55:51', '2020-09-17 17:29:17', '0', '0');
INSERT INTO `t_activity` VALUES ('18', '山豆根山豆根山豆根山豆根', 0x3C703EE5B1B1E8B186E6A0B9E5B1B1E8B186E6A0B9E5B1B1E8B186E6A0B9E5B1B1E8B186E6A0B9E58D81E5A4A7E599B6E595A5E79A84E599B6E595A5E79A84E5B1B1E8B186E6A0B9E5B1B1E8B186E79B9BE9A1BFE59BBD3C2F703E, '/static/uploadFile/image/timg202009220843041.jpg', '1', '山豆根山豆根山豆根', '十大高手的公司的', '2020-09-30 08:56:00', '2020-09-17 17:29:37', '0', '0');
INSERT INTO `t_activity` VALUES ('19', '测试数据四', 0x3C703EE5B1B1E8B186E6A0B9E5B1B1E8B186E6A0B9E5B1B1E8B186E6A0B9E698AFE79A84E599B6E595A5E79A843C2F703E, '/static/uploadFile/image/thumbnail3@2x202009211429016.png', '0', '通过线上的方式参与', '全体中小学生', '2020-10-28 08:56:16', '2020-09-17 17:29:55', '0', '0');
INSERT INTO `t_activity` VALUES ('20', '测试数据三', 0x3C703EE5B1B1E8B186E6A0B9E5B1B1E8B186E6A0B9E5B1B1E8B186E6A0B9E5B1B1E8B186E6A0B93C2F703E, '/static/uploadFile/image/thumbnail1@2x202009211429000.png', '1', '', '', '2020-12-22 08:56:25', '2020-09-17 17:30:19', '0', '0');
INSERT INTO `t_activity` VALUES ('21', '测试活动二', 0x3C703E31E38081266E6273703B20E6A0B9E68DAEE69CACE6ACA1E8B59BE4BA8BE68F90E4BE9BE79A84E5889BE4BD9CE6A8A1E69DBFEFBC8CE7BB98E588B6E4BDA0E5BF83E4B8ADE69C80E5969CE6ACA2E79A84E38081E58DB0E8B1A1E69C80E6B7B1E79A84E59F8EE5B882E58DB0E8B1A1E6B5B7E68AA5E380823C6272202F3E32E38081266E6273703B20E5889BE6848FE4B88DE99990E38081E4B8BBE9A298E4B88DE99990EFBC8CE697A0E8AEBAE698AFE7BE8EE9A39FE38081E59CB0E6A087E38081E4BABAE696872668656C6C69703B2668656C6C69703BE58FAAE8A681E4BDA0E8AEA4E4B8BAE4BDA0E79A84E5889BE4BD9CE58583E7B4A0E883BDE5A49FE4BBA3E8A1A8E4BDA0E5BF83E4B8ADE79A84E8BF99E5BAA7E59F8EEFBC8CE883BDE5A49FE8A1A8E8BEBEE4BDA0E5AFB9E8BF99E5BAA7E59F8EE5B882E79A84E788B1EFBC8CE883BDE5A49FE4BD93E78EB0E587BAE8BF99E5BAA7E59F8EE5B882E3808CE69C89E59E8BE3808DE79A84E4B880E99DA2EFBC8CE4B88DE99990E588B6E59BBDE58685E59BBDE5A496EFBC8CE4B880E58887E79A86E58FAFE7BB98E380823C2F703E0A3C703E266E6273703B3C2F703E0A3C703EE4BDA0E5BF83E9878CE698AFE590A6E69C89E8BF99E6A0B7E4B880E5BAA7E59F8EEFBC9F3C6272202F3E5441E68896E8AEB8E698AFE4BDA0E6898EE6A0B9E5A49AE5B9B4E79A84E5AEB6E4B9A1E69585E9878CEFBC9B3C6272202F3EE68896E8AEB8E698AFE4BDA0E697A0E6AF94E99ABEE5BF98E79A84E69F90E6ACA1E69785E8A18CEFBC9B3C6272202F3EE58F88E68896E8AEB85441E698AFE58C85E5AEB9E5BE88E5A49AE58F88E8B5A0E4BA88E5BE88E5A49AEFBC8C3C6272202F3EE6AF94E5A682E6B197E6B0B4E4B88EE6ACA2E7AC91E38081E59BB0E9A1BFE4B88EE5B88CE69C9B2668656C6C69703B2668656C6C69703B3C6272202F3EE58FAFE883BDE4BC9AE69C89E4BA9BE691B8E788ACE6BB9AE68993E79A84E697B6E58099EFBC8C3C6272202F3EE4B88DE8BF87E59BA0E4B8BAE694B6E88EB7E69BB4E5A49AE788B1E4B88EE6B8A9E69F94EFBC8CE68980E4BBA5E3808CE58F8DE58092E3808DE8A789E5BE97E69BB4E69C89E6848FE4B989E380823C6272202F3E5441E68896E8AEB8E5B9BFE8AA89E5A4A9E4B88BEFBC8CE68896E8AEB8E4B88DE4B8BAE5A496E4BABAE68980E98193EFBC8C3C6272202F3EE4BD865441E4B880E5AE9AE59CA8E4BDA0E5BF83E9878CE69C89E6B7B1E588BBE79A84E58DB0E8B1A1E38081E789B9E6AE8AE79A84E6848FE4B989E380823C6272202F3EE98791E7A78BE4B99DE69C88EFBC8CE5AE89E68595E5B88CE690BAE6898BE7AB99E985B7E98280E4BDA0E5B8A6E4B88AE794BBE7AC94EFBC8C3C6272202F3EE4B8BAE4BDA0E5BF83E4B8ADE982A3E5BAA7E59F8EE5889BE4BD9CE58DB0E8B1A1E6B5B7E68AA5EFBC813C6272202F3E3C6272202F3EE58F8DE6ADA3E79A86E7BB98E7BE8EEFBC8CE58AA0E3808CE69DAFE3808DE69BB4E69C89E59E8BEFBC813C6272202F3EE3808CE58F8DE58092E69C89E59E8BE3808DE5AE89E68595E5B88CE59F8EE5B882E58DB0E8B1A1E6B5B7E68AA5E5889BE4BD9CE5A4A7E8B59BE6ADA3E5BC8FE5BC80E8B59BEFBC813C2F703E, '/static/uploadFile/image/cover2@2x202009211428036.png', '0', '通过本平台在线上传作品，且可通过在线投票的方式参与投票', '全体中小学生都可参与', '2020-09-30 09:08:29', '2020-09-17 17:30:40', '0', '0');
INSERT INTO `t_activity` VALUES ('22', '抗击“疫情”', 0x3C703EE4BDA0E5BF83E9878CE698AFE590A6E69C89E8BF99E6A0B7E4B880E5BAA7E59F8EEFBC9F3C6272202F3E5441E68896E8AEB8E698AFE4BDA0E6898EE6A0B9E5A49AE5B9B4E79A84E5AEB6E4B9A1E69585E9878CEFBC9B3C6272202F3EE68896E8AEB8E698AFE4BDA0E697A0E6AF94E99ABEE5BF98E79A84E69F90E6ACA1E69785E8A18CEFBC9B3C6272202F3EE58F88E68896E8AEB85441E698AFE58C85E5AEB9E5BE88E5A49AE58F88E8B5A0E4BA88E5BE88E5A49AEFBC8C3C6272202F3EE6AF94E5A682E6B197E6B0B4E4B88EE6ACA2E7AC91E38081E59BB0E9A1BFE4B88EE5B88CE69C9B2668656C6C69703B2668656C6C69703B3C6272202F3EE58FAFE883BDE4BC9AE69C89E4BA9BE691B8E788ACE6BB9AE68993E79A84E697B6E58099EFBC8C3C6272202F3EE4B88DE8BF87E59BA0E4B8BAE694B6E88EB7E69BB4E5A49AE788B1E4B88EE6B8A9E69F94EFBC8CE68980E4BBA5E3808CE58F8DE58092E3808DE8A789E5BE97E69BB4E69C89E6848FE4B989E380823C6272202F3E5441E68896E8AEB8E5B9BFE8AA89E5A4A9E4B88BEFBC8CE68896E8AEB8E4B88DE4B8BAE5A496E4BABAE68980E98193EFBC8C3C6272202F3EE4BD865441E4B880E5AE9AE59CA8E4BDA0E5BF83E9878CE69C89E6B7B1E588BBE79A84E58DB0E8B1A1E38081E789B9E6AE8AE79A84E6848FE4B989E380823C6272202F3EE98791E7A78BE4B99DE69C88EFBC8CE5AE89E68595E5B88CE690BAE6898BE7AB99E985B7E98280E4BDA0E5B8A6E4B88AE794BBE7AC94EFBC8C3C6272202F3EE4B8BAE4BDA0E5BF83E4B8ADE982A3E5BAA7E59F8EE5889BE4BD9CE58DB0E8B1A1E6B5B7E68AA5EFBC813C6272202F3E3C6272202F3EE58F8DE6ADA3E79A86E7BB98E7BE8EEFBC8CE58AA0E3808CE69DAFE3808DE69BB4E69C89E59E8BEFBC813C6272202F3EE3808CE58F8DE58092E69C89E59E8BE3808DE5AE89E68595E5B88CE59F8EE5B882E58DB0E8B1A1E6B5B7E68AA5E5889BE4BD9CE5A4A7E8B59BE6ADA3E5BC8FE5BC80E8B59BEFBC813C2F703E, '/static/uploadFile/image/thumbnail4@2x202009211428011.png', '1', '', '', '2020-09-26 08:57:01', '2020-09-18 08:52:17', '0', '0');

-- ----------------------------
-- Table structure for `t_dict`
-- ----------------------------
DROP TABLE IF EXISTS `t_dict`;
CREATE TABLE `t_dict` (
  `id` int(11) NOT NULL AUTO_INCREMENT,
  `name` varchar(255) COLLATE utf8_bin DEFAULT NULL,
  `type_name` varchar(255) COLLATE utf8_bin DEFAULT NULL,
  `type` int(11) DEFAULT NULL,
  `value` int(11) DEFAULT NULL COMMENT '参数值',
  PRIMARY KEY (`id`)
) ENGINE=InnoDB AUTO_INCREMENT=13 DEFAULT CHARSET=utf8 COLLATE=utf8_bin;

-- ----------------------------
-- Records of t_dict
-- ----------------------------
INSERT INTO `t_dict` VALUES ('5', '朗读', '类型', '1', '1');
INSERT INTO `t_dict` VALUES ('6', '器乐', '类型', '1', '2');
INSERT INTO `t_dict` VALUES ('7', '声乐', '类型', '1', '3');
INSERT INTO `t_dict` VALUES ('8', '群舞（3人以上）', '类型', '1', '4');
INSERT INTO `t_dict` VALUES ('9', '单、双、三舞（1-3人）', '类型', '1', '5');
INSERT INTO `t_dict` VALUES ('10', '幼儿', '组别', '2', '1');
INSERT INTO `t_dict` VALUES ('11', '儿童', '组别', '2', '2');
INSERT INTO `t_dict` VALUES ('12', '少年', '组别', '2', '3');

-- ----------------------------
-- Table structure for `t_user`
-- ----------------------------
DROP TABLE IF EXISTS `t_user`;
CREATE TABLE `t_user` (
  `id` int(11) NOT NULL AUTO_INCREMENT,
  `name` varchar(255) COLLATE utf8_bin DEFAULT NULL COMMENT '姓名',
  `password` varchar(255) COLLATE utf8_bin DEFAULT NULL COMMENT '密码',
  `type` varchar(255) COLLATE utf8_bin DEFAULT NULL COMMENT '类型',
  `create_time` datetime DEFAULT NULL,
  `update_time` datetime DEFAULT NULL,
  `is_delete` varchar(255) COLLATE utf8_bin DEFAULT NULL COMMENT '是否删除 0是未删除1是已删除',
  PRIMARY KEY (`id`)
) ENGINE=InnoDB AUTO_INCREMENT=2 DEFAULT CHARSET=utf8 COLLATE=utf8_bin;

-- ----------------------------
-- Records of t_user
-- ----------------------------
INSERT INTO `t_user` VALUES ('1', 'admin', 'AB2385DD1F310B9C2995687B10162B73', '1', '2020-01-02 16:56:53', null, '0');

-- ----------------------------
-- Table structure for `t_wechat_token`
-- ----------------------------
DROP TABLE IF EXISTS `t_wechat_token`;
CREATE TABLE `t_wechat_token` (
  `id` int(11) NOT NULL AUTO_INCREMENT,
  `name` varchar(255) COLLATE utf8_bin DEFAULT NULL,
  `token` varchar(255) COLLATE utf8_bin DEFAULT NULL,
  `update_time` datetime DEFAULT NULL,
  PRIMARY KEY (`id`)
) ENGINE=InnoDB AUTO_INCREMENT=3 DEFAULT CHARSET=utf8 COLLATE=utf8_bin;

-- ----------------------------
-- Records of t_wechat_token
-- ----------------------------
INSERT INTO `t_wechat_token` VALUES ('1', 'baseToken', '11111111', '2020-09-15 10:25:01');
INSERT INTO `t_wechat_token` VALUES ('2', 'ouathToken', '22222222', '2020-09-16 10:26:04');

-- ----------------------------
-- Table structure for `t_wechat_user`
-- ----------------------------
DROP TABLE IF EXISTS `t_wechat_user`;
CREATE TABLE `t_wechat_user` (
  `id` int(11) NOT NULL AUTO_INCREMENT,
  `openid` varchar(200) COLLATE utf8_bin DEFAULT NULL,
  `pickname` varchar(255) COLLATE utf8_bin DEFAULT NULL,
  `sex` varchar(255) COLLATE utf8_bin DEFAULT NULL,
  `province` varchar(255) COLLATE utf8_bin DEFAULT NULL,
  `city` varchar(255) COLLATE utf8_bin DEFAULT NULL,
  `country` varchar(255) COLLATE utf8_bin DEFAULT NULL,
  `headimgurl` varchar(255) COLLATE utf8_bin NOT NULL,
  `create_time` datetime DEFAULT NULL,
  PRIMARY KEY (`id`)
) ENGINE=InnoDB AUTO_INCREMENT=121 DEFAULT CHARSET=utf8 COLLATE=utf8_bin;

-- ----------------------------
-- Records of t_wechat_user
-- ----------------------------
INSERT INTO `t_wechat_user` VALUES ('1', 'os1l4wFZw2PxHJu74F00UybeN4y8', '徐小俊', '男', null, '南昌', '中国', 'http://thirdwx.qlogo.cn/mmopen/vi_32/Q0j4TwGTfTI8M1ksB6ib5KInYhNP6iaxicWE7UKOSya340kKmeqVkHtWdJ9flmQNw7LSlzTH8Ao5YnZbpYEyXIunw/132', '2020-09-21 09:01:52');
INSERT INTO `t_wechat_user` VALUES ('115', 'oU_pZ1BASCgiqaLW_3QUIvq-A9do', '塔拆', '1', '江西', null, '中国', 'https://thirdwx.qlogo.cn/mmopen/vi_32/DYAIOgq83eq8Z9DLaibNTKib8Ok0lY66lFug7u0RP1rnkZS02fArlTytub4F0WF2iaPKFaZsNE2RCMncrgY9uPgCA/132', '2020-09-22 09:37:21');
INSERT INTO `t_wechat_user` VALUES ('116', 'oU_pZ1G0Z7l2llzlyXr0o6KlsqHE', '王盼', '1', '江西', null, '中国', 'https://thirdwx.qlogo.cn/mmopen/vi_32/Q0j4TwGTfTKlWWPohjMpIyfu7zaiaIqa6ccibx5O8qlG3iaj1FPNcXpx5ravndLuhnDHu5eXEREawIGMhE2UFcJVA/132', '2020-09-22 09:41:12');
INSERT INTO `t_wechat_user` VALUES ('117', 'oU_pZ1EZXZRRq5BWoLmUivqZZWAU', '梵落', '2', '江西', null, '中国', 'https://thirdwx.qlogo.cn/mmopen/vi_32/DYAIOgq83eqvaPTSYCtlXSsGUsYzAOMmVzA2zVLYmIhPvbdKGGDCGn45hGicyIbVfz5XqsMlJW23nHRIZMnbe0g/132', '2020-09-22 11:19:58');
INSERT INTO `t_wechat_user` VALUES ('118', 'oU_pZ1CFIGWf8_qfnICIOENc1Oe0', '王冬梅', '2', '江西', null, '中国', 'https://thirdwx.qlogo.cn/mmopen/vi_32/Q0j4TwGTfTIMicGwhREmkP1RicL1WiaSIOuVnZpJF5M8w6gINJf9BnqsgWS4lskNWK7jtO5AnOI50J8aXlNlf8DwA/132', '2020-09-22 11:33:12');
INSERT INTO `t_wechat_user` VALUES ('119', 'oU_pZ1O2nw4mF5uzpoftWzz7vqY8', 'darren', '1', '江西', null, '中国', 'https://thirdwx.qlogo.cn/mmopen/vi_32/Q0j4TwGTfTLlPbuwibiblBmu1wIUtlK26bEB2M20T0aV2qY7l2ZFeMgTApYibD6vHUuzv8wtQRxToHSibFnpWLYicdA/132', '2020-09-22 11:49:58');
INSERT INTO `t_wechat_user` VALUES ('120', 'oU_pZ1NoyDuq6iQ2HzIZRG_hVks0', '渐行渐远', '1', '', null, '帕劳群岛', 'https://thirdwx.qlogo.cn/mmopen/vi_32/Q0j4TwGTfTI8JlmBt5sDPI6pdibE969H5TpREELwXibTEF1ARXK3nYp8XFZdow7FdkGVrEVkaapvL2xPqu4iaELaA/132', '2020-09-24 13:26:35');

-- ----------------------------
-- Table structure for `t_work`
-- ----------------------------
DROP TABLE IF EXISTS `t_work`;
CREATE TABLE `t_work` (
  `id` int(11) NOT NULL AUTO_INCREMENT,
  `name` varchar(255) COLLATE utf8_bin DEFAULT NULL,
  `image` varchar(255) COLLATE utf8_bin DEFAULT NULL,
  `video` varchar(255) COLLATE utf8_bin DEFAULT NULL,
  `content` longtext COLLATE utf8_bin COMMENT '简介备注',
  `author` varchar(255) COLLATE utf8_bin DEFAULT NULL COMMENT '作者',
  `activity_id` int(11) DEFAULT NULL COMMENT '活动',
  `work_user_id` int(11) DEFAULT NULL COMMENT '作者id',
  `select_type1` int(11) DEFAULT NULL,
  `select_type2` int(11) DEFAULT NULL,
  `create_time` datetime DEFAULT NULL,
  `status` int(3) DEFAULT NULL COMMENT '0是上架1是下架',
  `message` varchar(500) COLLATE utf8_bin DEFAULT NULL COMMENT '审核不通过原因',
  PRIMARY KEY (`id`)
) ENGINE=InnoDB AUTO_INCREMENT=34 DEFAULT CHARSET=utf8 COLLATE=utf8_bin;

-- ----------------------------
-- Records of t_work
-- ----------------------------
INSERT INTO `t_work` VALUES ('18', '山豆根山豆根色的给', '/static/uploadFile/video/57I888piC6iQ202009211122001.jpg', '/static/uploadFile/video/57I888piC6iQ202009211122001.mp4', '', '山豆根山豆根', '21', '1', '7', '10', '2020-09-21 11:22:05', '0', null);
INSERT INTO `t_work` VALUES ('19', '何为正义', '/static/uploadFile/video/57I888piC6iQ202009211122045.jpg', '/static/uploadFile/video/57I888piC6iQ202009211122045.mp4', '', '张三', '21', '1', '7', '10', '2020-09-21 11:22:48', '0', null);
INSERT INTO `t_work` VALUES ('20', '李四的春天', '/static/uploadFile/video/n0781hseoec.jpg', '/static/uploadFile/video/n0781hseoec.p712.1202009211141036.mp4', 0x3C7020636C6173733D2222207374796C653D22223EE5B0B1E997AEE4B880E58FA5E8BF98E69C89E8B0813C2F703E, '李四', '21', '1', '7', '10', '2020-09-21 11:41:58', '0', null);
INSERT INTO `t_work` VALUES ('21', '上单的奥秘', '/static/uploadFile/video/n0781hseoec.jpg', '/static/uploadFile/video/n0781hseoec.p712.1202009211143028.mp4', '', '王二', '21', '1', '9', '10', '2020-09-21 11:43:30', '0', null);
INSERT INTO `t_work` VALUES ('22', '打野的精髓', '/static/uploadFile/video/n0781hseoec.jpg', '/static/uploadFile/video/n0781hseoec.p712.1202009211144048.mp4', '', '麻子', '21', '1', '8', '10', '2020-09-21 11:44:49', '0', null);
INSERT INTO `t_work` VALUES ('23', '对线的艺术', '/static/uploadFile/video/n0781hseoec.jpg', '/static/uploadFile/video/n0781hseoec.p712.1202009211146006.mp4', '', '赵五', '21', '1', '7', '10', '2020-09-21 11:46:07', '0', null);
INSERT INTO `t_work` VALUES ('24', '偷塔的英雄', '/static/uploadFile/video/n0781hseoec.jpg', '/static/uploadFile/video/n0781hseoec.p712.1202009211148034.mp4', '', '王五', '21', '1', '5', '10', '2020-09-21 11:48:36', '0', null);
INSERT INTO `t_work` VALUES ('25', '​毛泽东的“悬赏”“死亡”“讣告”之谜', '/static/uploadFile/video/57I888piC6iQ202009211152022.jpg', '/static/uploadFile/video/57I888piC6iQ202009211152022.mp4', '', '爱新觉罗', '21', '1', '6', '10', '2020-09-21 11:52:27', '0', null);
INSERT INTO `t_work` VALUES ('26', '山豆根山豆根', '/static/uploadFile/video/17h888piC642202009211153037.jpg', '/static/uploadFile/video/17h888piC642202009211153037.mp4', '', '盛顿国', '21', '1', '7', '10', '2020-09-21 11:53:43', '0', null);
INSERT INTO `t_work` VALUES ('27', '《为什么有的家庭老吵架——家庭的语言沟通艺术漫谈》主讲人：章剑', '/static/uploadFile/video/57I888piC6iQ202009211156044.jpg', '/static/uploadFile/video/57I888piC6iQ202009211156044.mp4', '', '时政要闻', '21', '1', '7', '10', '2020-09-21 11:56:48', '0', null);
INSERT INTO `t_work` VALUES ('28', '​毛泽东的“悬赏”“死亡”“讣告”之谜', '/static/uploadFile/video/57I888piC6iQ202009211157054.jpg', '/static/uploadFile/video/57I888piC6iQ202009211157054.mp4', '', '图书', '21', '1', '8', '12', '2020-09-21 11:57:55', '0', null);
INSERT INTO `t_work` VALUES ('29', '张三的歌', '/static/uploadFile/video/trim.jpg', '/static/uploadFile/video/trim.EA5CA719-060E-4ADE-8BB9-1E2DC07C1D7C202009221149049.MOV', 0x3C7020636C6173733D2222207374796C653D22223EE4BDA0E5A5BDE5958A3C2F703E, '张三', '21', '116', '6', '11', '2020-09-22 11:51:24', '0', null);
INSERT INTO `t_work` VALUES ('30', '李三的一天', '/static/uploadFile/video/62243965628__E079E974-28E1-4FC4-84A4-E5FBD8CDE102202009221154028.jpg', '/static/uploadFile/video/62243965628__E079E974-28E1-4FC4-84A4-E5FBD8CDE102202009221154028.MOV', '', '赵六', '21', '115', '7', '12', '2020-09-22 11:54:35', '0', null);
INSERT INTO `t_work` VALUES ('31', '测试作品', '/static/uploadFile/video/62245708655__357C43A4-2DAA-4D82-B027-9A98D986CFFC202009221644058.jpg', '/static/uploadFile/video/62245708655__357C43A4-2DAA-4D82-B027-9A98D986CFFC202009221644058.MOV', 0x3C7020636C6173733D2222207374796C653D22223EE8BF99E698AFE6ADA3E69687E58685E5AEB93C2F703E3C696D672077696474683D223130302522206865696768743D226175746F22207372633D222F7374617469632F75706C6F616446696C652F6F746865725265736F757263652F46314444433938302D413832322D343746422D423734412D4230373138304536413933393230323030393232313634353032302E6769662220636C6173733D22223E3C64697620636C6173733D22686F72697A6F6E74616C2D6C696E6522207374796C653D2270616464696E673A203130707820303B626F726465722D626F74746F6D3A2031707820736F6C696420236161613B6D617267696E2D626F74746F6D3A20323070783B223E3C2F6469763E3C70207374796C653D22223EE585ACE5BC8FE4BDA0E6988EE6988EE593A6E5BC84E6988EE5908EE590BCE590BCE590BC3C2F703E, '张三', '21', '116', '8', '11', '2020-09-22 16:45:39', '1', null);
INSERT INTO `t_work` VALUES ('32', '数字图书馆', '/static/uploadFile/image/202001162999614202009231531029.jpg', '/static/uploadFile/video/数字图书馆推广工程宣传片（最终版）202009231530038.mp4', '', '李四', '22', null, null, null, '2020-09-23 15:31:37', '0', null);
INSERT INTO `t_work` VALUES ('33', '饿了咳咳咳', '/static/uploadFile/video/wx_camera_1600141779697202009241328034.jpg', '/static/uploadFile/video/wx_camera_1600141779697202009241328034.mp4', 0x3C7020636C6173733D2222207374796C653D22223EE7BEA4E4BD93E8889EE8B988313233333435363639373735393C2F703E, '晃晃', '21', '120', '7', '11', '2020-09-24 13:29:26', '1', null);

-- ----------------------------
-- Table structure for `t_work_log`
-- ----------------------------
DROP TABLE IF EXISTS `t_work_log`;
CREATE TABLE `t_work_log` (
  `id` int(11) NOT NULL AUTO_INCREMENT,
  `work_id` int(11) DEFAULT NULL,
  `wx_openid` varchar(255) COLLATE utf8_bin DEFAULT NULL,
  `activity_id` int(11) DEFAULT NULL,
  `create_time` datetime DEFAULT NULL,
  PRIMARY KEY (`id`)
) ENGINE=InnoDB AUTO_INCREMENT=20 DEFAULT CHARSET=utf8 COLLATE=utf8_bin;

-- ----------------------------
-- Records of t_work_log
-- ----------------------------
INSERT INTO `t_work_log` VALUES ('1', '7', 'os1l4wFZw2PxHJu74F00UybeN4y8', '22', '2020-09-21 10:53:51');
INSERT INTO `t_work_log` VALUES ('2', '8', 'os1l4wFZw2PxHJu74F00UybeN4y8', '22', '2020-09-21 10:54:46');
INSERT INTO `t_work_log` VALUES ('3', '11', 'os1l4wFZw2PxHJu74F00UybeN4y8', '22', '2020-09-21 10:55:17');
INSERT INTO `t_work_log` VALUES ('4', '10', 'os1l4wFZw2PxHJu74F00UybeN4y8', '22', '2020-09-21 10:55:55');
INSERT INTO `t_work_log` VALUES ('5', '9', 'os1l4wFZw2PxHJu74F00UybeN4y8', '22', '2020-09-21 10:55:59');
INSERT INTO `t_work_log` VALUES ('6', '6', 'os1l4wFZw2PxHJu74F00UybeN4y8', '22', '2020-09-21 10:56:12');
INSERT INTO `t_work_log` VALUES ('7', '5', 'os1l4wFZw2PxHJu74F00UybeN4y8', '22', '2020-09-21 10:56:15');
INSERT INTO `t_work_log` VALUES ('8', '4', 'os1l4wFZw2PxHJu74F00UybeN4y8', '22', '2020-09-21 10:56:17');
INSERT INTO `t_work_log` VALUES ('9', '3', 'os1l4wFZw2PxHJu74F00UybeN4y8', '22', '2020-09-21 10:56:19');
INSERT INTO `t_work_log` VALUES ('10', '6', 'oU_pZ1G0Z7l2llzlyXr0o6KlsqHE', '22', '2020-09-22 10:51:25');
INSERT INTO `t_work_log` VALUES ('11', '6', 'oU_pZ1G0Z7l2llzlyXr0o6KlsqHE', '22', '2020-09-22 10:51:29');
INSERT INTO `t_work_log` VALUES ('12', '6', 'oU_pZ1BASCgiqaLW_3QUIvq-A9do', '22', '2020-09-22 11:48:46');
INSERT INTO `t_work_log` VALUES ('13', '30', 'oU_pZ1BASCgiqaLW_3QUIvq-A9do', '21', '2020-09-22 11:55:00');
INSERT INTO `t_work_log` VALUES ('14', '29', 'oU_pZ1O2nw4mF5uzpoftWzz7vqY8', '21', '2020-09-22 12:01:48');
INSERT INTO `t_work_log` VALUES ('15', '30', 'oU_pZ1G0Z7l2llzlyXr0o6KlsqHE', '21', '2020-09-22 22:04:37');
INSERT INTO `t_work_log` VALUES ('16', '11', 'oU_pZ1NoyDuq6iQ2HzIZRG_hVks0', '22', '2020-09-24 13:26:36');
INSERT INTO `t_work_log` VALUES ('17', '30', 'oU_pZ1NoyDuq6iQ2HzIZRG_hVks0', '21', '2020-09-24 13:29:54');
INSERT INTO `t_work_log` VALUES ('18', '32', 'oU_pZ1BASCgiqaLW_3QUIvq-A9do', '22', '2020-09-24 13:59:23');
INSERT INTO `t_work_log` VALUES ('19', '6', 'oU_pZ1G0Z7l2llzlyXr0o6KlsqHE', '22', '2020-09-24 14:17:59');

-- ----------------------------
-- Table structure for `t_work_user`
-- ----------------------------
DROP TABLE IF EXISTS `t_work_user`;
CREATE TABLE `t_work_user` (
  `id` int(11) NOT NULL AUTO_INCREMENT,
  `name` varchar(255) COLLATE utf8_bin DEFAULT NULL,
  `age` datetime DEFAULT NULL,
  `school` varchar(255) COLLATE utf8_bin DEFAULT NULL,
  `openid` varchar(255) COLLATE utf8_bin DEFAULT NULL,
  `phone` varchar(255) COLLATE utf8_bin DEFAULT NULL,
  `create_time` datetime DEFAULT NULL,
  `nation` varchar(255) COLLATE utf8_bin DEFAULT NULL,
  `image` varchar(255) COLLATE utf8_bin DEFAULT NULL,
  PRIMARY KEY (`id`)
) ENGINE=InnoDB AUTO_INCREMENT=26 DEFAULT CHARSET=utf8 COLLATE=utf8_bin;

-- ----------------------------
-- Records of t_work_user
-- ----------------------------
INSERT INTO `t_work_user` VALUES ('1', '张三', '2015-06-10 08:59:11', '景德镇小学', 'os1l4wFZw2PxHJu74F00UybeN4y8', null, '2020-09-21 09:00:35', '汉', null);
INSERT INTO `t_work_user` VALUES ('2', 'sdg', '2017-09-01 00:00:00', 'dgsdg', null, null, '2020-09-21 10:14:51', 'dg', '');
INSERT INTO `t_work_user` VALUES ('3', 'sdg', null, null, null, null, '2020-09-21 10:14:51', null, null);
INSERT INTO `t_work_user` VALUES ('4', '给到广东打工', '2017-08-01 00:00:00', '山豆根山豆根', null, null, '2020-09-21 10:16:53', '山豆根山豆根', '');
INSERT INTO `t_work_user` VALUES ('5', '盛顿国', '2013-07-01 00:00:00', '山豆根山豆根', null, null, '2020-09-21 10:21:43', '大概', '');
INSERT INTO `t_work_user` VALUES ('6', '盛顿国', '2013-07-01 00:00:00', '山豆根山豆根', null, null, '2020-09-21 10:22:04', '大概', '');
INSERT INTO `t_work_user` VALUES ('7', '盛顿国', '2013-07-01 00:00:00', '山豆根山豆根', null, null, '2020-09-21 10:22:34', '大概', '');
INSERT INTO `t_work_user` VALUES ('8', '四个', '2017-09-01 00:00:00', '山豆根第三个', null, null, '2020-09-21 10:25:04', '盛顿国', '');
INSERT INTO `t_work_user` VALUES ('9', '盛顿国', '2017-09-01 00:00:00', '盛顿国', null, null, '2020-09-21 10:32:28', '盛顿国', '');
INSERT INTO `t_work_user` VALUES ('10', 'sdg', '2012-09-01 00:00:00', 'sdg', null, null, '2020-09-21 11:00:11', 'sdg ', '');
INSERT INTO `t_work_user` VALUES ('11', '山豆根山豆根', '2017-09-01 00:00:00', '山豆根山豆根', null, null, '2020-09-21 11:22:04', '山豆根山豆根', '');
INSERT INTO `t_work_user` VALUES ('12', '张三', '2016-09-01 00:00:00', '山豆根山豆根色的给', null, null, '2020-09-21 11:22:48', '维吾尔族', '/static/uploadFile/image/loading202009211122035.png');
INSERT INTO `t_work_user` VALUES ('13', '李四', '2015-12-01 00:00:00', '八一小学', null, null, '2020-09-21 11:41:58', '侗族', '/static/uploadFile/image/202001162999614202009211141007.jpg');
INSERT INTO `t_work_user` VALUES ('14', '王二', '2017-09-01 00:00:00', '艾欧尼亚小学', null, null, '2020-09-21 11:43:30', '火族', '/static/uploadFile/image/timg202009211143003.jpg');
INSERT INTO `t_work_user` VALUES ('15', '麻子', '2013-09-01 00:00:00', '巨神峰小学', null, null, '2020-09-21 11:44:49', '冰族', '/static/uploadFile/image/timg202009211144019.jpg');
INSERT INTO `t_work_user` VALUES ('16', '赵五', '2011-09-01 00:00:00', '祖安小学', null, null, '2020-09-21 11:46:07', '苗族', '/static/uploadFile/image/timg202009211145044.jpg');
INSERT INTO `t_work_user` VALUES ('17', '王五', '2008-01-01 00:00:00', '雷射守备', null, null, '2020-09-21 11:48:36', '血族', '/static/uploadFile/image/timg202009211147051.jpg');
INSERT INTO `t_work_user` VALUES ('18', '爱新觉罗', '2006-09-01 00:00:00', '南昌一中', null, null, '2020-09-21 11:52:27', '满族', '');
INSERT INTO `t_work_user` VALUES ('19', '盛顿国', '2005-09-01 00:00:00', '', null, null, '2020-09-21 11:53:43', '盛顿国', '');
INSERT INTO `t_work_user` VALUES ('20', '时政要闻', '2004-09-01 00:00:00', '盛顿国', null, null, '2020-09-21 11:56:47', '维吾尔族', '');
INSERT INTO `t_work_user` VALUES ('21', '图书', '2005-09-01 00:00:00', '临川一中', null, null, '2020-09-21 11:57:55', '维吾尔族', '');
INSERT INTO `t_work_user` VALUES ('22', '张三', '2013-09-01 00:00:00', '九江一中', null, null, '2020-09-22 11:51:23', '满族', '/static/uploadFile/image/8F8DF1F5-5E71-41CD-9BDA-C692366DD19D202009221150043.gif');
INSERT INTO `t_work_user` VALUES ('23', '赵六', '2007-09-01 00:00:00', '第一小学', null, null, '2020-09-22 11:54:34', '火族', '/static/uploadFile/image/84F99A08-6738-4BD7-8B35-4FAA4F69FE8A202009221152035.jpeg');
INSERT INTO `t_work_user` VALUES ('24', '张三', '2014-09-01 00:00:00', '南昌二中', null, null, '2020-09-22 16:45:39', '汉族', '/static/uploadFile/image/866B99BF-7EF7-421E-B3C2-B580F44DE883202009221644022.gif');
INSERT INTO `t_work_user` VALUES ('25', '晃晃', '2012-09-01 00:00:00', '哦进咯困', null, null, '2020-09-24 13:29:25', '汉', '/static/uploadFile/image/20200924_122252202009241327052.jpg');
