/*
Navicat MySQL Data Transfer

Source Server         : localhost_3306
Source Server Version : 50560
Source Host           : 127.0.0.1:3306
Source Database       : online_wechat_voting

Target Server Type    : MYSQL
Target Server Version : 50560
File Encoding         : 65001

Date: 2020-09-18 16:57:48
*/

SET FOREIGN_KEY_CHECKS=0;

-- ----------------------------
-- Table structure for `t_activity`
-- ----------------------------
DROP TABLE IF EXISTS `t_activity`;
CREATE TABLE `t_activity` (
  `id` int(11) NOT NULL AUTO_INCREMENT,
  `name` varchar(255) COLLATE utf8_bin DEFAULT NULL COMMENT '活动标题',
  `content` longtext COLLATE utf8_bin COMMENT '内容介绍',
  `image` varchar(255) COLLATE utf8_bin DEFAULT NULL,
  `type` int(11) DEFAULT NULL COMMENT '0是主题活动1是本馆活动',
  `entry_method` varchar(255) COLLATE utf8_bin DEFAULT NULL COMMENT '参赛方式',
  `participants` varchar(255) COLLATE utf8_bin DEFAULT NULL COMMENT '参赛对象',
  `activity_time` datetime DEFAULT NULL COMMENT '活动时间',
  `create_time` datetime DEFAULT NULL COMMENT '创建时间',
  `is_delete` int(11) DEFAULT NULL COMMENT '0是未删除1是已删除',
  `status` int(2) DEFAULT NULL COMMENT '0是上架1是下架',
  PRIMARY KEY (`id`)
) ENGINE=InnoDB AUTO_INCREMENT=23 DEFAULT CHARSET=utf8 COLLATE=utf8_bin;

-- ----------------------------
-- Records of t_activity
-- ----------------------------
INSERT INTO `t_activity` VALUES ('1', '“瓷花绽放”快乐童年，追求美好生活', 0xE4B8BAE5BBBAE8AEBEE7BE8EE4B8BDE793B7E983BDEFBC8CE5889BE980A0E7BE8EE5A5BDE7949FE6B4BBEFBC8CE8AEB4E6AD8CE2809CE69C80E7BE8EE98086E8A18CE88085E2809DEFBC8CE8B083E58AA8E59084E7958CE7BEA4E4BC97E58F82E4B88EE69687E58C96E6B4BBE58AA8E79A84E7A7AFE69E81E680A7EFBC8CE4B8BAE699AFE5BEB7E99587E59BBDE5AEB6E999B6E793B7E69687E58C96E5889BE696B0E5AE9EE9AA8CE58CBAE79A84E5889BE5BBBAE58A9BE9878FEFBC8CE68EA8E8BF9BE68891E5B882E7BEA4E4BC97E69687E58C96E4BA8BE4B89AE79A84E7B981E88DA3E58F91E5B195E38082E789B9E4B8BEE58A9EE6ADA4E9A1B9E6B4BBE58AA8, '/static/uploadFile/image/banner2202009161545057.jpg', '1', '通过搜索微信公众号“景德镇市文化馆”并关注、进入公众号，点击下方“少儿才艺大赛”报名填写资料。报名截止日期2020年10月10日', '各群众性文艺活动团体、艺术培训机构和广大文艺爱好者', null, '2020-09-16 15:56:04', '1', '0');
INSERT INTO `t_activity` VALUES ('2', '的是根深蒂固山豆根山豆根盛顿国', '', '/static/uploadFile/image/购票202009171046018.png', '1', '山豆根第', '山豆根山豆根', null, '2020-09-17 10:46:36', '1', '0');
INSERT INTO `t_activity` VALUES ('3', 'sdgsdgsdg', 0x3C703E7364677364677364677364673C2F703E, '/static/uploadFile/image/loading202009171051038.png', '1', 'dssdg', 'sdgsdg', null, '2020-09-17 10:51:46', '1', '0');
INSERT INTO `t_activity` VALUES ('4', 'sdgsdgdg', '', '', '1', '', '', null, '2020-09-17 10:52:33', '1', '0');
INSERT INTO `t_activity` VALUES ('5', 'sdgsdg', '', '', '1', '', '', null, '2020-09-17 10:53:39', '1', '0');
INSERT INTO `t_activity` VALUES ('6', 'sdgdg', '', '/static/uploadFile/image/loading202009171053046.png', '1', '', '', null, '2020-09-17 10:53:50', '1', '0');
INSERT INTO `t_activity` VALUES ('7', 'sdgsdg', '', '', '1', '', '', null, '2020-09-17 10:54:30', '1', null);
INSERT INTO `t_activity` VALUES ('8', 'sdgsdg', 0x3C703E736467736467736467646767736467677364676764673C2F703E, '/static/uploadFile/image/loading202009171057007.png', '0', 'sdgsdgsdg', 'sdsdgsdg', null, '2020-09-17 10:57:26', '1', '1');
INSERT INTO `t_activity` VALUES ('9', 'sdg', '', '', '1', '', '', null, '2020-09-17 10:58:15', '1', '1');
INSERT INTO `t_activity` VALUES ('10', 'sdgsdgsd', 0x3C703E7364677364677364677364677364677364677364677364673C2F703E, '/static/uploadFile/image/loading202009171103047.png', '0', 'sdgsdgsdgs', 'sdgsdgsdg', null, '2020-09-17 11:03:55', '1', '1');
INSERT INTO `t_activity` VALUES ('11', '的公开赛夺冠是敢死队敢死队是蒂固收到', 0x3C703EE698AFE79A84E4BE9BE8B4A7E59586E794B5E8AF9DE5A49AE5B091E9809FE5BAA6E8BF98E698AFE983BDE4BC9AE58F97E588B0E8AFB4E5A4A7E8AF9DE8B081E983BDE4BC9AE4B88AE79A84E4B88AE79A84E58D8EE79B9BE9A1BF7364683C2F703E0A3C703EE8AFB4E5BE97E5A5BDE8AFB4E5BE97E5A5BDE8AFB4E5BE97E5A5BDE8AFB4E5A4A7E8AF9DE8AFB4E5A4A7E8AF9DE4B88AE79A84E8AFB4E5A4A7E8AF9DE4B88AE79A84E9A696E983BDE58D8EE79B9BE9A1BFE8AFB4E5A4A7E8AF9D3C2F703E0A3C703EE9A696E983BDE58D8EE79B9BE9A1BFE59088E98082E79A84E8AF9DE8AFB4E5A4A7E8AF9DE9A696E983BDE58D8EE79B9BE9A1BFE6B4BBE58AA8E8AFB4E5A4A7E8AF9DE8AFB4E5A4A7E8AF9D736468E9A696E983BDE58D8EE79B9BE9A1BFE8BF98E698AFE8AFB4E5A4A7E8AF9DE8B081E983BDE4BC9AE69D80E69D80E69D80E69D80E69D80E69D80E8AFB4E5A4A7E8AF9DE8AFB4E5A4A7E8AF9DE4B88AE79A84E4B88AE79A84E59088E98082E79A84E8AF9DE4B88AE79A843C2F703E, '/static/uploadFile/image/thumbnail5202009171726039.png', '1', '的故事大纲扣税的是大概率考试大纲可是到了盛顿国盛顿国盛顿国上的', '山豆根山豆根深蒂固盛顿国盛顿国盛顿国盛顿国盛顿国', '2020-09-30 08:54:49', '2020-09-17 11:04:12', '0', '0');
INSERT INTO `t_activity` VALUES ('12', '山豆根山豆根山豆根山豆根山豆根山豆根的', 0x3C703E73646773646773646764673C2F703E, '/static/uploadFile/image/cover2@3x202009171727017.png', '1', 'sdgsdg', 'sdgsdg', '2020-09-30 08:55:08', '2020-09-17 11:04:24', '0', '0');
INSERT INTO `t_activity` VALUES ('13', 'sdgsdgsdgsdg', 0x3C703E7364677364673C2F703E, '', '1', 'sdgsdg', 'sdgsdg', null, '2020-09-17 11:04:50', '1', '1');
INSERT INTO `t_activity` VALUES ('14', '山豆根山豆根山豆根山豆根', 0x3C703E736464E6A0B9E5B1B1E8B186E6A0B9E5B1B1E8B186E6A0B9E5B1B1E8B186E6A0B93C2F703E, '/static/uploadFile/image/thumbnail1202009171727032.png', '1', '十大高手的公司的', '十大高手的公司的', '2020-09-30 08:55:15', '2020-09-17 17:27:39', '0', '0');
INSERT INTO `t_activity` VALUES ('15', '山豆根山豆根山豆根山豆', 0x3C703EE5B1B1E8B186E6A0B9E5B1B1E8B186E6A0B9E694B6E588B0E698AFE5BEB7E59BBDE79A84E69292E7BB993C2F703E, '/static/uploadFile/image/thumbnail2@3x202009171727048.png', '1', '山豆根山豆根山豆根', '山豆根山豆根山豆根', '2020-09-09 08:55:26', '2020-09-17 17:27:55', '0', '0');
INSERT INTO `t_activity` VALUES ('16', '山豆根山豆根山豆根山豆根', 0x3C703E73E5A4A7E593A5E58F97E588B0E694B6E588B0E585ACE58FB8E79A843C2F703E, '/static/uploadFile/image/thumbnail4202009171728052.png', '1', '山豆根山豆根的', '山豆根山豆根', '2020-09-29 08:55:40', '2020-09-17 17:28:59', '0', '0');
INSERT INTO `t_activity` VALUES ('17', '山豆根山豆根山豆根', 0x3C703EE5B1B1E8B186E6A0B9E5B1B1E8B186E6A0B9E5B1B1E8B186E6A0B9E5B1B1E8B186E6A0B9E694B6E588B0E599B6E595A5E79A84E599B6E595A5E79A843C2F703E, '/static/uploadFile/image/thumbnail5202009171729009.png', '1', '十大高手的公司的', '山豆根山豆根山豆根山豆', '2020-09-28 08:55:51', '2020-09-17 17:29:17', '0', '0');
INSERT INTO `t_activity` VALUES ('18', '山豆根山豆根山豆根山豆根', 0x3C703EE5B1B1E8B186E6A0B9E5B1B1E8B186E6A0B9E5B1B1E8B186E6A0B9E5B1B1E8B186E6A0B9E58D81E5A4A7E599B6E595A5E79A84E599B6E595A5E79A84E5B1B1E8B186E6A0B9E5B1B1E8B186E79B9BE9A1BFE59BBD3C2F703E, '/static/uploadFile/image/thumbnail6@3x202009171729027.png', '1', '山豆根山豆根山豆根', '十大高手的公司的', '2020-09-30 08:56:00', '2020-09-17 17:29:37', '0', '0');
INSERT INTO `t_activity` VALUES ('19', '是的归属感是德国是德国', 0x3C703EE5B1B1E8B186E6A0B9E5B1B1E8B186E6A0B9E5B1B1E8B186E6A0B9E698AFE79A84E599B6E595A5E79A843C2F703E, '/static/uploadFile/image/thumbnail5@3x202009171729046.png', '0', '山豆根山豆根山豆根山豆根是', '山豆根山豆根山豆根山豆根', '2020-10-28 08:56:16', '2020-09-17 17:29:55', '0', '0');
INSERT INTO `t_activity` VALUES ('20', '山豆根山豆根是大噶是的', 0x3C703EE5B1B1E8B186E6A0B9E5B1B1E8B186E6A0B9E5B1B1E8B186E6A0B9E5B1B1E8B186E6A0B93C2F703E, '/static/uploadFile/image/cover1@2x202009171730013.png', '1', '十大高手的公司的g', 'g收到贵司的噶啥的', '2020-12-22 08:56:25', '2020-09-17 17:30:19', '0', '0');
INSERT INTO `t_activity` VALUES ('21', '测试数据二', 0x3C703E31E38081266E6273703B20E6A0B9E68DAEE69CACE6ACA1E8B59BE4BA8BE68F90E4BE9BE79A84E5889BE4BD9CE6A8A1E69DBFEFBC8CE7BB98E588B6E4BDA0E5BF83E4B8ADE69C80E5969CE6ACA2E79A84E38081E58DB0E8B1A1E69C80E6B7B1E79A84E59F8EE5B882E58DB0E8B1A1E6B5B7E68AA5E380823C6272202F3E32E38081266E6273703B20E5889BE6848FE4B88DE99990E38081E4B8BBE9A298E4B88DE99990EFBC8CE697A0E8AEBAE698AFE7BE8EE9A39FE38081E59CB0E6A087E38081E4BABAE696872668656C6C69703B2668656C6C69703BE58FAAE8A681E4BDA0E8AEA4E4B8BAE4BDA0E79A84E5889BE4BD9CE58583E7B4A0E883BDE5A49FE4BBA3E8A1A8E4BDA0E5BF83E4B8ADE79A84E8BF99E5BAA7E59F8EEFBC8CE883BDE5A49FE8A1A8E8BEBEE4BDA0E5AFB9E8BF99E5BAA7E59F8EE5B882E79A84E788B1EFBC8CE883BDE5A49FE4BD93E78EB0E587BAE8BF99E5BAA7E59F8EE5B882E3808CE69C89E59E8BE3808DE79A84E4B880E99DA2EFBC8CE4B88DE99990E588B6E59BBDE58685E59BBDE5A496EFBC8CE4B880E58887E79A86E58FAFE7BB98E380823C2F703E0A3C703E266E6273703B3C2F703E0A3C703EE4BDA0E5BF83E9878CE698AFE590A6E69C89E8BF99E6A0B7E4B880E5BAA7E59F8EEFBC9F3C6272202F3E5441E68896E8AEB8E698AFE4BDA0E6898EE6A0B9E5A49AE5B9B4E79A84E5AEB6E4B9A1E69585E9878CEFBC9B3C6272202F3EE68896E8AEB8E698AFE4BDA0E697A0E6AF94E99ABEE5BF98E79A84E69F90E6ACA1E69785E8A18CEFBC9B3C6272202F3EE58F88E68896E8AEB85441E698AFE58C85E5AEB9E5BE88E5A49AE58F88E8B5A0E4BA88E5BE88E5A49AEFBC8C3C6272202F3EE6AF94E5A682E6B197E6B0B4E4B88EE6ACA2E7AC91E38081E59BB0E9A1BFE4B88EE5B88CE69C9B2668656C6C69703B2668656C6C69703B3C6272202F3EE58FAFE883BDE4BC9AE69C89E4BA9BE691B8E788ACE6BB9AE68993E79A84E697B6E58099EFBC8C3C6272202F3EE4B88DE8BF87E59BA0E4B8BAE694B6E88EB7E69BB4E5A49AE788B1E4B88EE6B8A9E69F94EFBC8CE68980E4BBA5E3808CE58F8DE58092E3808DE8A789E5BE97E69BB4E69C89E6848FE4B989E380823C6272202F3E5441E68896E8AEB8E5B9BFE8AA89E5A4A9E4B88BEFBC8CE68896E8AEB8E4B88DE4B8BAE5A496E4BABAE68980E98193EFBC8C3C6272202F3EE4BD865441E4B880E5AE9AE59CA8E4BDA0E5BF83E9878CE69C89E6B7B1E588BBE79A84E58DB0E8B1A1E38081E789B9E6AE8AE79A84E6848FE4B989E380823C6272202F3EE98791E7A78BE4B99DE69C88EFBC8CE5AE89E68595E5B88CE690BAE6898BE7AB99E985B7E98280E4BDA0E5B8A6E4B88AE794BBE7AC94EFBC8C3C6272202F3EE4B8BAE4BDA0E5BF83E4B8ADE982A3E5BAA7E59F8EE5889BE4BD9CE58DB0E8B1A1E6B5B7E68AA5EFBC813C6272202F3E3C6272202F3EE58F8DE6ADA3E79A86E7BB98E7BE8EEFBC8CE58AA0E3808CE69DAFE3808DE69BB4E69C89E59E8BEFBC813C6272202F3EE3808CE58F8DE58092E69C89E59E8BE3808DE5AE89E68595E5B88CE59F8EE5B882E58DB0E8B1A1E6B5B7E68AA5E5889BE4BD9CE5A4A7E8B59BE6ADA3E5BC8FE5BC80E8B59BEFBC813C2F703E, '/static/uploadFile/image/cover2202009171730026.png', '0', '通过本平台在线上传作品，且可通过在线投票的方式参与投票', '全体中小学生都可参与', '2020-09-30 09:08:29', '2020-09-17 17:30:40', '0', '0');
INSERT INTO `t_activity` VALUES ('22', '山豆根山豆根', 0x3C703EE4BDA0E5BF83E9878CE698AFE590A6E69C89E8BF99E6A0B7E4B880E5BAA7E59F8EEFBC9F3C6272202F3E5441E68896E8AEB8E698AFE4BDA0E6898EE6A0B9E5A49AE5B9B4E79A84E5AEB6E4B9A1E69585E9878CEFBC9B3C6272202F3EE68896E8AEB8E698AFE4BDA0E697A0E6AF94E99ABEE5BF98E79A84E69F90E6ACA1E69785E8A18CEFBC9B3C6272202F3EE58F88E68896E8AEB85441E698AFE58C85E5AEB9E5BE88E5A49AE58F88E8B5A0E4BA88E5BE88E5A49AEFBC8C3C6272202F3EE6AF94E5A682E6B197E6B0B4E4B88EE6ACA2E7AC91E38081E59BB0E9A1BFE4B88EE5B88CE69C9B2668656C6C69703B2668656C6C69703B3C6272202F3EE58FAFE883BDE4BC9AE69C89E4BA9BE691B8E788ACE6BB9AE68993E79A84E697B6E58099EFBC8C3C6272202F3EE4B88DE8BF87E59BA0E4B8BAE694B6E88EB7E69BB4E5A49AE788B1E4B88EE6B8A9E69F94EFBC8CE68980E4BBA5E3808CE58F8DE58092E3808DE8A789E5BE97E69BB4E69C89E6848FE4B989E380823C6272202F3E5441E68896E8AEB8E5B9BFE8AA89E5A4A9E4B88BEFBC8CE68896E8AEB8E4B88DE4B8BAE5A496E4BABAE68980E98193EFBC8C3C6272202F3EE4BD865441E4B880E5AE9AE59CA8E4BDA0E5BF83E9878CE69C89E6B7B1E588BBE79A84E58DB0E8B1A1E38081E789B9E6AE8AE79A84E6848FE4B989E380823C6272202F3EE98791E7A78BE4B99DE69C88EFBC8CE5AE89E68595E5B88CE690BAE6898BE7AB99E985B7E98280E4BDA0E5B8A6E4B88AE794BBE7AC94EFBC8C3C6272202F3EE4B8BAE4BDA0E5BF83E4B8ADE982A3E5BAA7E59F8EE5889BE4BD9CE58DB0E8B1A1E6B5B7E68AA5EFBC813C6272202F3E3C6272202F3EE58F8DE6ADA3E79A86E7BB98E7BE8EEFBC8CE58AA0E3808CE69DAFE3808DE69BB4E69C89E59E8BEFBC813C6272202F3EE3808CE58F8DE58092E69C89E59E8BE3808DE5AE89E68595E5B88CE59F8EE5B882E58DB0E8B1A1E6B5B7E68AA5E5889BE4BD9CE5A4A7E8B59BE6ADA3E5BC8FE5BC80E8B59BEFBC813C2F703E, '/static/uploadFile/image/thumbnail5@2x202009180857007.png', '1', '盛顿国', '盛顿国', '2020-09-26 08:57:01', '2020-09-18 08:52:17', '0', '0');

-- ----------------------------
-- Table structure for `t_dict`
-- ----------------------------
DROP TABLE IF EXISTS `t_dict`;
CREATE TABLE `t_dict` (
  `id` int(11) NOT NULL AUTO_INCREMENT,
  `name` varchar(255) COLLATE utf8_bin DEFAULT NULL,
  `type_name` varchar(255) COLLATE utf8_bin DEFAULT NULL,
  `type` int(11) DEFAULT NULL,
  `value` int(11) DEFAULT NULL COMMENT '参数值',
  PRIMARY KEY (`id`)
) ENGINE=InnoDB AUTO_INCREMENT=13 DEFAULT CHARSET=utf8 COLLATE=utf8_bin;

-- ----------------------------
-- Records of t_dict
-- ----------------------------
INSERT INTO `t_dict` VALUES ('5', '朗读', '类型', '1', '1');
INSERT INTO `t_dict` VALUES ('6', '器乐', '类型', '1', '2');
INSERT INTO `t_dict` VALUES ('7', '声乐', '类型', '1', '3');
INSERT INTO `t_dict` VALUES ('8', '群舞（3人以上）', '类型', '1', '4');
INSERT INTO `t_dict` VALUES ('9', '单、双、三舞（1-3人）', '类型', '1', '5');
INSERT INTO `t_dict` VALUES ('10', '幼儿', '组别', '2', '1');
INSERT INTO `t_dict` VALUES ('11', '儿童', '组别', '2', '2');
INSERT INTO `t_dict` VALUES ('12', '少年', '组别', '2', '3');

-- ----------------------------
-- Table structure for `t_user`
-- ----------------------------
DROP TABLE IF EXISTS `t_user`;
CREATE TABLE `t_user` (
  `id` int(11) NOT NULL AUTO_INCREMENT,
  `name` varchar(255) COLLATE utf8_bin DEFAULT NULL COMMENT '姓名',
  `password` varchar(255) COLLATE utf8_bin DEFAULT NULL COMMENT '密码',
  `type` varchar(255) COLLATE utf8_bin DEFAULT NULL COMMENT '类型',
  `create_time` datetime DEFAULT NULL,
  `update_time` datetime DEFAULT NULL,
  `is_delete` varchar(255) COLLATE utf8_bin DEFAULT NULL COMMENT '是否删除 0是未删除1是已删除',
  PRIMARY KEY (`id`)
) ENGINE=InnoDB AUTO_INCREMENT=2 DEFAULT CHARSET=utf8 COLLATE=utf8_bin;

-- ----------------------------
-- Records of t_user
-- ----------------------------
INSERT INTO `t_user` VALUES ('1', 'admin', 'AB2385DD1F310B9C2995687B10162B73', '1', '2020-01-02 16:56:53', null, '0');

-- ----------------------------
-- Table structure for `t_wechat_user`
-- ----------------------------
DROP TABLE IF EXISTS `t_wechat_user`;
CREATE TABLE `t_wechat_user` (
  `id` int(11) NOT NULL AUTO_INCREMENT,
  `openid` varchar(200) COLLATE utf8_bin DEFAULT NULL,
  `pickname` varchar(255) COLLATE utf8_bin DEFAULT NULL,
  `sex` varchar(255) COLLATE utf8_bin DEFAULT NULL,
  `province` varchar(255) COLLATE utf8_bin DEFAULT NULL,
  `city` varchar(255) COLLATE utf8_bin DEFAULT NULL,
  `country` varchar(255) COLLATE utf8_bin DEFAULT NULL,
  `headimgurl` varchar(255) COLLATE utf8_bin NOT NULL,
  `create_time` datetime DEFAULT NULL,
  PRIMARY KEY (`id`)
) ENGINE=InnoDB AUTO_INCREMENT=115 DEFAULT CHARSET=utf8 COLLATE=utf8_bin;

-- ----------------------------
-- Records of t_wechat_user
-- ----------------------------

-- ----------------------------
-- Table structure for `t_work`
-- ----------------------------
DROP TABLE IF EXISTS `t_work`;
CREATE TABLE `t_work` (
  `id` int(11) NOT NULL AUTO_INCREMENT,
  `name` varchar(255) COLLATE utf8_bin DEFAULT NULL,
  `image` varchar(255) COLLATE utf8_bin DEFAULT NULL,
  `video` varchar(255) COLLATE utf8_bin DEFAULT NULL,
  `content` longtext COLLATE utf8_bin COMMENT '简介备注',
  `author` varchar(255) COLLATE utf8_bin DEFAULT NULL COMMENT '作者',
  `activity_id` int(11) DEFAULT NULL COMMENT '活动',
  `work_user_id` int(11) DEFAULT NULL COMMENT '作者id',
  `select_type1` int(11) DEFAULT NULL,
  `select_type2` int(11) DEFAULT NULL,
  `create_time` datetime DEFAULT NULL,
  `status` int(3) DEFAULT NULL COMMENT '0是上架1是下架',
  PRIMARY KEY (`id`)
) ENGINE=InnoDB AUTO_INCREMENT=12 DEFAULT CHARSET=utf8 COLLATE=utf8_bin;

-- ----------------------------
-- Records of t_work
-- ----------------------------
INSERT INTO `t_work` VALUES ('2', '的高度过高三个', '', '', 0x3C703E7373E6A0B9E5B1B1E8B186E6A0B9E5B1B1E8B186E6A0B9E5B1B1E8B186E6A0B97327673C2F703E, 'sg山豆根山豆根山豆根', '12', null, null, null, '2020-09-17 17:17:05', null);
INSERT INTO `t_work` VALUES ('3', '测试作品一', '/static/uploadFile/image/thumbnail5@2x202009180940052.png', '/static/uploadFile/video/17h888piC642202009180940059.mp4', 0x3C7020636C6173733D226D367731223EE99885E8AFBBE69CACE8AEBEE8AEA1E8AFB4E6988EE5898DEFBC8CE8AFB7E58AA1E5BF85E782B9E587BBE38090E8B59BE4BA8BE8B584E69699E38091E4B88BE8BDBDE69CACE6ACA1E8B59BE4BA8BE79A84E5889BE4BD9CE6A8A1E69DBFEFBC8CE5B9B6E4BB94E7BB86E99885E8AFBBE8AEBEE8AEA1E8AFB4E6988EE58F8AE6A8A1E69DBFE4BDBFE794A8E8AFB4E6988EE380823C2F703E0A3C7020636C6173733D226D367732223E31E38081266E6273703B20E6A0B9E68DAEE69CACE6ACA1E8B59BE4BA8BE68F90E4BE9BE79A84E5889BE4BD9CE6A8A1E69DBFEFBC8CE7BB98E588B6E4BDA0E5BF83E4B8ADE69C80E5969CE6ACA2E79A84E38081E58DB0E8B1A1E69C80E6B7B1E79A84E59F8EE5B882E58DB0E8B1A1E6B5B7E68AA5E380823C6272202F3E32E38081266E6273703B20E5889BE6848FE4B88DE99990E38081E4B8BBE9A298E4B88DE99990EFBC8CE697A0E8AEBAE698AFE7BE8EE9A39FE38081E59CB0E6A087E38081E4BABAE696872668656C6C69703B2668656C6C69703BE58FAAE8A681E4BDA0E8AEA4E4B8BAE4BDA0E79A84E5889BE4BD9CE58583E7B4A0E883BDE5A49FE4BBA3E8A1A8E4BDA0E5BF83E4B8ADE79A84E8BF99E5BAA7E59F8EEFBC8CE883BDE5A49FE8A1A8E8BEBEE4BDA0E5AFB9E8BF99E5BAA7E59F8EE5B882E79A84E788B1EFBC8CE883BDE5A49FE4BD93E78EB0E587BAE8BF99E5BAA7E59F8EE5B882E3808CE69C89E59E8BE3808DE79A84E4B880E99DA2EFBC8CE4B88DE99990E588B6E59BBDE58685E59BBDE5A496EFBC8CE4B880E58887E79A86E58FAFE7BB98E380823C6272202F3E33E38081266E6273703B20E4B88AE4BCA0E682A8E79A84E58F82E8B59BE4BD9CE59381E697B6EFBC8CE4BD9CE59381E5B195E7A4BAE8AFB7E68F90E4BE9BE7AD96E58892E6809DE8B7AFE38081E7BB86E88A82E8AFB4E6988EE38082E99C80E7AE80E58D95E99890E9878AE4BD9CE59381E79A84E69585E4BA8BE8838CE699AFE5928CE58685E5AEB9E8AEBEE5AE9AEFBC8CE692B0E58699E79BB8E5AFB9E5AE8CE695B4E79A84E4BD9CE59381E99890E9878AE5928CE5889BE4BD9CE79086E5BFB5E380823C6272202F3E34E38081266E6273703B20E8AFB7E4B8A5E8B0A8E5B9B6E8AEA4E79C9FE5AFB9E5BE85E8B59BE4BA8BE58F8AE4B8BBE58A9EE696B9E59381E7898CEFBC8CE4B880E5BE8BE4B88DE5BE97E58F91E8A1A8E8BF9DE6B395E38081E7BD91E7BB9CE8BF9DE7A681E79A84E58583E7B4A0E68896E58685E5AEB9EFBC8CE4BBA5E58F8AE681B6E6909EE79A84E58583E7B4A0E58F8AE5889BE4BD9CE380823C2F703E, '收到贵司的噶啥的', '22', null, null, null, '2020-09-18 09:41:20', '0');
INSERT INTO `t_work` VALUES ('4', '更大更傻山豆根山豆盛顿国山豆根第盛顿国山豆根山豆', '/static/uploadFile/image/thumbnail6@3x202009181223023.png', '/static/uploadFile/video/57I888piC6iQ202009181223028.mp4', 0x3C703EE4B88AE79A84E9ACBCE9ACBCE9ACBCE9ACBCE9ACBCE9ACBCE9ACBCE9ACBCE9ACBCE9ACBCE9ACBCE9ACBCE9ACBCE9ACBCE79B9BE9A1BFE59BBD3C2F703E, '', '22', null, null, null, '2020-09-18 12:23:32', '0');
INSERT INTO `t_work` VALUES ('5', '山豆根山豆根山豆根山豆根', '/static/uploadFile/image/正在播放202009181223047.png', '/static/uploadFile/video/02j888piCvQV202009181223053.mp4', 0x3C703EE5B1B1E8B186E6A0B9E5B1B1E8B186E6A0B9E5B1B1E8B186E6A0B9E5B1B1E8B186E6A0B9E5B1B1E8B186E6A0B9E5B1B1E8B186E6A0B93C2F703E, '山豆根山豆根', '22', null, null, null, '2020-09-18 12:23:55', '0');
INSERT INTO `t_work` VALUES ('6', '收到贵司的噶啥的', '/static/uploadFile/image/add202009181224003.png', '/static/uploadFile/video/17h888piC642202009181224008.mp4', 0x3C703EE98081E588B0E585ACE58FB8E8A784E5AE9AE79A84E69585E4BA8BE5A4A7E7BAB2E69292E697A6E7BB993C2F703E, '山豆根山豆根山豆根山豆根是大噶是的', '22', null, null, null, '2020-09-18 12:24:11', '0');
INSERT INTO `t_work` VALUES ('7', '山豆根山豆根色的给', '/static/uploadFile/image/loading202009181224017.png', '/static/uploadFile/video/1202009181224022.mp4', 0x3C703EE8AFB4E5A4A7E8AF9D3C2F703E, '是德国山豆根山豆根撒旦给', '22', null, null, null, '2020-09-18 12:24:25', '0');
INSERT INTO `t_work` VALUES ('8', '和首都华盛顿还是撒谎说是的话', '/static/uploadFile/image/点赞 (1)202009181224050.png', '/static/uploadFile/video/20190416145408_s9rkgg8s0t202009181230014.mp4', '', '法国海军贵不少地方很多发生的', '22', null, null, null, '2020-09-18 12:30:17', '0');
INSERT INTO `t_work` VALUES ('9', '514654654564', '/static/uploadFile/image/loading202009181340002.png', '/static/uploadFile/video/02j888piCvQV202009181340007.mp4', '', '65656', '22', null, null, null, '2020-09-18 13:40:08', '0');
INSERT INTO `t_work` VALUES ('10', '6565', '/static/uploadFile/image/loading202009181340015.png', '/static/uploadFile/video/57I888piC6iQ202009181340020.mp4', '', '65565', '22', null, null, null, '2020-09-18 13:40:22', '0');
INSERT INTO `t_work` VALUES ('11', '65', '/static/uploadFile/image/loading202009181340032.png', '/static/uploadFile/video/57I888piC6iQ202009181340038.mp4', '', '65656565', '22', null, null, null, '2020-09-18 13:40:39', '0');

-- ----------------------------
-- Table structure for `t_work_log`
-- ----------------------------
DROP TABLE IF EXISTS `t_work_log`;
CREATE TABLE `t_work_log` (
  `id` int(11) NOT NULL DEFAULT '0',
  `work_id` int(11) DEFAULT NULL,
  `wx_openid` varchar(255) COLLATE utf8_bin DEFAULT NULL,
  `activity_id` int(11) DEFAULT NULL,
  `create_time` datetime DEFAULT NULL,
  PRIMARY KEY (`id`)
) ENGINE=InnoDB DEFAULT CHARSET=utf8 COLLATE=utf8_bin;

-- ----------------------------
-- Records of t_work_log
-- ----------------------------

-- ----------------------------
-- Table structure for `t_work_user`
-- ----------------------------
DROP TABLE IF EXISTS `t_work_user`;
CREATE TABLE `t_work_user` (
  `id` int(11) NOT NULL AUTO_INCREMENT,
  `name` varchar(255) COLLATE utf8_bin DEFAULT NULL,
  `age` datetime DEFAULT NULL,
  `school` varchar(255) COLLATE utf8_bin DEFAULT NULL,
  `openid` varchar(255) COLLATE utf8_bin DEFAULT NULL,
  `phone` varchar(255) COLLATE utf8_bin DEFAULT NULL,
  `create_time` datetime DEFAULT NULL,
  `nation` varchar(255) COLLATE utf8_bin DEFAULT NULL,
  `image` varchar(255) COLLATE utf8_bin DEFAULT NULL,
  PRIMARY KEY (`id`)
) ENGINE=InnoDB DEFAULT CHARSET=utf8 COLLATE=utf8_bin;

-- ----------------------------
-- Records of t_work_user
-- ----------------------------
